,FIPST,YEAR,V33,TOTALREV,TFEDREV,TSTREV,TLOCREV,TOTALEXP,PPR,PPE
0,1,1990,723301.0,4290908118.158046,465133829.5267555,2735069789.0649915,1090704499.566299,4564815369.009503,5932.396219773021,6311.0867661036045
1,1,1992,725695.0,4447585422.79071,505001924.72086936,2754394458.5164504,1188189039.553391,4410444553.961277,6128.725460132301,6077.545737481004
2,1,1995,727480.0,5147992793.363774,502895307.41824335,3304203342.7266755,1340894143.2188556,5126475538.975171,7076.473295985833,7046.895500873112
3,1,1996,735912.0,4997940131.125811,497338495.44681764,3176469712.434917,1324131923.2440763,5305633589.55212,6791.491552150001,7209.603307939156
4,1,1997,737386.0,5778750195.815596,545977290.5201951,3626564897.6196656,1606208007.6757345,5752388868.0510845,7836.804869926464,7801.055170631236
5,1,1998,739321.0,5917289031.974335,534706354.0744337,3701140109.00005,1681442568.8998513,6066625467.003219,8003.68044729466,8205.671781273924
6,1,1999,737639.0,6253509315.028264,549747949.4096752,3849617375.408974,1854143990.209615,6465053786.007302,8477.736826588973,8764.522735385875
7,1,2000,730184.0,6609808209.806911,576275217.4457996,4063645460.6029816,1969887531.7581306,6768562644.935638,9052.250131209272,9269.667159148432
8,1,2001,728532.0,6358446935.622177,613288466.0909263,3788582098.766943,1956576370.7643075,6691435667.7452,8727.752433142507,9184.820526408173
9,1,2002,726367.0,6642024441.100301,658463961.6052814,3899540334.37804,2084020145.1169791,6666970761.26245,9144.171529131005,9178.515490464806
10,1,2003,727900.0,6580063880.49377,718916428.7383918,3757259742.1449594,2103887709.6104186,6710344245.535672,9039.791015927696,9218.772146635078
11,1,2004,730418.0,6605900269.03953,771657953.7677578,3664889961.7047553,2169352353.5670166,6722026487.013588,9043.999831657393,9202.98580677583
12,1,2005,729340.0,7025949052.063151,794359100.9771707,3873911183.089395,2357678767.996586,7043481818.664389,9633.297299014384,9657.336521600884
13,1,2006,743265.0,7354199831.995368,843709290.3641849,4091288384.713322,2419202156.9178615,7616981893.292958,9894.451954545644,10248.002923981296
14,1,2007,743273.0,7942335036.125827,774198574.0656859,4573865881.786126,2594270580.2740145,8085495124.054049,10685.622962391782,10878.230642111375
15,1,2008,742917.0,8359754511.40643,769724329.580861,5030270559.524776,2559759622.3007936,8490864654.650626,11252.608987822907,11429.08919118909
16,1,2009,745668.0,7803411318.774072,791369123.0320021,4518374072.209377,2493668123.5326924,8486500683.835032,10464.99423171448,11381.071313017364
17,1,2010,748859.0,7778634417.949272,1211614349.5511672,4059822922.3094015,2507196981.564576,8170194362.476009,10387.315126010733,10910.190519812155
18,1,2011,738255.0,7639666973.430837,1115461889.2136226,4106967527.3454137,2417237397.382498,7675959074.94532,10348.27664347798,10397.43594685484
19,1,2012,744553.0,7241493279.410234,801525423.9992148,4006492049.1475286,2433475645.9490557,7327953492.612748,9725.960783732298,9842.084435376324
20,1,2013,744476.0,7207922926.0,811964926.0,3898396926.0,2497560926.0,7447860926.0,9681.874131603974,10004.16524642836
21,9,1990,447787.0,5952475295.073028,201428610.16327572,2092323975.837107,3658722709.0726447,6186494421.413993,13293.095366933447,13815.707962522343
22,9,1992,464458.0,6365799813.796174,238311858.8133982,2228915332.233638,3898572622.749138,6178254281.345764,13705.867513954272,13302.073128992857
23,9,1995,489513.0,6756011228.666738,225439675.71366066,2480692536.754894,4049879016.1981835,6500563582.338946,13801.495013751908,13279.65464112076
24,9,1996,499815.0,6959787799.981405,240929755.4616938,2529587176.1422806,4189270868.377431,6740285343.47572,13924.727749230025,13485.560344278825
25,9,1997,507838.0,6949511562.747897,229962093.6065829,2495796875.171322,4223752593.9699926,6738124597.640431,13684.504827814968,13268.256014005316
26,9,1998,491963.0,6793451567.003219,230321325.361689,2342619574.045294,4220510667.596236,6497201040.933488,13808.866859912674,13206.686358391766
27,9,1999,523917.0,7653890778.600879,303601502.4088248,2914298356.9188046,4435990919.27325,7385996104.412425,14608.97580838354,14097.645436991785
28,9,2000,531286.0,7971466685.748308,327798484.51897025,3118324014.9051495,4525344186.324188,7598857134.044717,15004.097013187451,14302.761853398577
29,9,2001,539486.0,8354208512.165852,348284434.5938442,3162363462.0340743,4843560615.537933,7902487975.021179,15485.496402438343,14648.17988793255
30,9,2002,549739.0,8632404580.67871,383908092.91174424,3245518584.285383,5002977903.481584,8411819639.205466,15702.732716213895,15301.478773027682
31,9,2003,554379.0,8840969835.23216,456520746.09966016,3163273316.4439406,5221175601.730248,8574455956.79728,15947.519359918326,15466.776261000652
32,9,2004,554785.0,9006187853.057442,453207491.4144533,3131583302.6714015,5421396960.304508,8771463806.794315,16233.654213898071,15810.56410464291
33,9,2005,555182.0,9454315955.589928,487840949.79320663,3469437247.802431,5497037757.994289,8924219950.392572,17029.21916702978,16074.404340184972
34,9,2006,552642.0,9780964162.382702,451070242.6232895,3664940810.061592,5664953109.69782,9259689585.618616,17698.55378777346,16755.312816649144
35,9,2007,556588.0,10057016681.526009,437746132.8221552,3741061318.7665806,5878209229.937272,9816261589.102404,18069.0505032915,17636.495197708908
36,9,2008,552426.0,10134739198.44753,422190588.27115333,3847997334.49836,5864551275.678018,9854163881.424583,18345.87654898128,17837.979894908247
37,9,2009,547997.0,10595254345.326601,442595329.5216364,3965221936.917252,6187437078.8877125,10204672781.489904,19334.511585513425,18621.76760363634
38,9,2010,555622.0,10473439263.938246,881068349.6240022,3517712783.116851,6074658097.010561,10296763854.699924,18849.936222716606,18531.958516221326
39,9,2011,550709.0,10219709952.152887,828024946.8107026,3370772219.975299,6020912754.297542,9885549829.373396,18557.368686825324,17950.58702395166
40,9,2012,544060.0,10304636485.003313,520496312.6337642,3860466970.8720226,5923673171.058076,10042978974.550982,18940.257480798646,18459.322454418594
41,9,2013,539585.0,10413094985.0,451093985.0,3935730985.0,6026269985.0,9874421985.0,19298.340363427447,18300.030551256983
42,10,1990,113516.0,989069301.5689776,71909880.10714969,630436336.5775878,286723084.8842401,1005417156.639454,8713.038704402707,8857.052368295695
43,10,1992,102694.0,1071231246.5880743,76278987.00855207,698857968.2088133,296094291.37070906,1060524462.667775,10431.293421115883,10327.03432204194
44,10,1995,106813.0,1226238899.0347805,79009217.85518974,780537447.4734768,366692233.7061139,1181223121.2211525,11480.240223893912,11058.795476404113
45,10,1996,108461.0,1277899930.3209012,72472896.64222719,842303601.9843801,363123431.694294,1223124939.9904368,11782.114587924703,11277.094439387769
46,10,1997,110245.0,1304607075.6463504,82320371.80458935,835735652.9306406,386551050.9111203,1291117285.8659537,11833.707430235841,11711.345511052234
47,10,1998,111428.0,1335547567.6345787,85682379.82465106,849773991.2299982,400091196.57992935,1307932846.170952,11985.744764642446,11737.919070349932
48,10,1999,112872.0,1409034083.3158233,86033641.61788982,907414514.9107007,415585926.7872329,1347089805.4104755,12483.468737293779,11934.667635998967
49,10,2000,113996.0,1496520632.384824,94672297.61178863,976899170.6639569,424949164.10907865,1417340927.7947156,13127.834594063163,12433.251410529454
50,10,2001,114771.0,1544093665.246141,103159816.85335091,1009912372.5738894,431021475.81890064,1570367119.4300642,13453.691831962264,13682.612501677813
51,10,2002,114956.0,1567437569.9930506,114265854.09543663,1012934308.8371553,440237407.0604586,1650706371.510308,13635.108824185345,14359.462503134313
52,10,2003,116342.0,1625451374.197055,119884833.27972817,1036982469.7395241,468584071.17780286,1718255144.4077008,13971.32053941874,14769.001258425167
53,10,2004,117777.0,1705651618.3600986,132574019.95058677,1057759181.1148856,515318417.29462624,1751214841.8468187,14482.0433391927,14868.903451835407
54,10,2005,119107.0,1773208283.2792826,131381234.2287177,1108119041.0454445,533708008.0051204,1829259934.5124807,14887.523682733026,15358.122818243099
55,10,2006,120929.0,1856438473.4798062,131517567.62845683,1165625144.5682275,559295761.2831217,1968647306.9240623,15351.474613035798,16279.364808474907
56,10,2007,122254.0,1990954270.6529331,120790446.42537764,1259205209.1568332,610958615.0707222,1996115804.2071302,16285.391648967994,16327.611400912285
57,10,2008,122574.0,1928652344.821046,118400983.33739737,1184973894.4566364,625277467.0270122,1981352186.6753364,15734.59579373314,16164.538863668773
58,10,2009,125430.0,1963239774.2677639,126121518.76871276,1201173661.2099543,635944594.2890968,2045183090.9761484,15652.075055949645,16305.374240422136
59,10,2010,126793.0,1953813746.3904731,203547321.90412337,1123429494.256269,626836919.546696,1977037288.4588916,15409.476441053317,15592.637515153767
60,10,2011,129391.0,1926630768.9233034,209719104.94934002,1111406376.583893,605505272.8910427,1974862819.596263,14889.990562893117,15262.752583999374
61,10,2012,128940.0,2004334269.9093633,198967458.52281034,1179813790.728186,625553010.5118837,2062943401.196233,15544.705055912544,15999.25082360969
62,10,2013,128606.0,2059010989.0,160589989.0,1200292989.0,698127989.0,2020207989.0,16010.224942848701,15708.504960888295
63,12,1990,1789925.0,17737231975.97423,1062082826.8161235,9123757705.561579,7551391443.59653,18172909712.83883,9909.483344818489,10152.888927099642
64,12,1992,1929239.0,19103024279.956047,1308945424.7980754,9436627966.661716,8357450888.496257,18769897034.309296,9901.844343783247,9729.171468288427
65,12,1995,2107514.0,20244885247.9219,1435218448.4250243,9966133338.54588,8843533460.950998,20598436286.692,9606.050184208456,9773.807569815432
66,12,1996,2175352.0,20324457696.65551,1399315350.1832962,9908639802.462545,9016502544.00967,20698411367.76113,9343.06617809693,9514.97107951317
67,12,1997,2241298.0,20845983311.112553,1440012926.8040702,10191809748.253036,9214160636.055445,21137753168.803864,9300.853037441944,9431.032004135042
68,12,1998,2292161.0,22287952735.25637,1595755901.740708,11065048683.295841,9627148150.219822,21658732092.30356,9723.554643524767,9449.044849948828
69,12,1999,2333567.0,23904810517.01435,1771812209.0124564,12195000884.348888,9937997423.653008,22595504301.70093,10243.892940298843,9682.817892822846
70,12,2000,2377271.0,23754029073.119923,1892278461.1619244,11910596477.083336,9951154134.874662,23242885788.17751,9992.14186061241,9777.129232711588
71,12,2001,2431884.0,24296156385.848083,2057541689.7919807,11999818025.072948,10238796670.983152,24193935940.366154,9990.672411121617,9948.638973062101
72,12,2002,2500179.0,24013441498.339123,2282571458.4665275,11063918340.25249,10666951699.620106,24673116383.49085,9604.688903610151,9868.539965934779
73,12,2003,2536699.0,24757087426.942238,2478012880.840317,11003562096.663645,11275512449.438276,25555281657.472248,9759.568410340462,10074.227039736386
74,12,2004,2592997.0,26669616336.21062,2681665124.984558,11832353381.099442,12155597830.12662,27005450704.447186,10285.247663692098,10414.76357452291
75,12,2005,2645280.0,27694093934.687424,2777607494.689566,11858072809.603155,13058413630.394705,28458254401.88606,10469.248599273962,10758.125567760713
76,12,2006,2663973.0,29379328203.757587,2842753206.5396214,11805232272.092924,14731342725.125042,30749242968.531677,11028.388126965847,11542.62560789155
77,12,2007,2656176.0,32468407732.76813,2796516407.8804417,13009370056.544947,16662521268.342741,33537487842.22073,12223.741097264689,12626.22952779512
78,12,2008,2645680.0,32461939433.349583,2683593322.4687743,12800283696.090382,16978062414.790428,33779563155.585354,12269.790539048405,12767.818918230985
79,12,2009,2623067.0,28769309929.63917,2925920639.373006,9824409056.561338,16018980233.704828,31345977911.372314,10967.813605081064,11950.12476287198
80,12,2010,2634516.0,28023737518.06792,4487131675.583633,8778090780.534359,14758515029.899773,29130395171.731014,10637.148348337196,11057.209434951625
81,12,2011,2643345.0,27396630179.772556,4878276504.984557,9392386125.494917,13125967526.508894,27954069112.41175,10364.379292060838,10575.263203407709
82,12,2012,2668154.0,24492865839.020912,3113266755.8116846,8829791369.03641,12549807689.821259,25723412051.150154,9179.704709331214,9640.90230592018
83,12,2013,2692159.0,24681547988.0,3027017988.0,9455561988.0,12198967988.0,25245399988.0,9167.938441971666,9377.38075202839
84,13,1990,1128368.0,9239191142.231647,595684886.7816825,4878614310.268512,3764891945.1814528,9234762298.083424,8188.100993852757,8184.175994075889
85,13,1992,1175745.0,9192472119.726213,661909685.3515856,4646425458.421427,3884136975.9532003,9204427392.018053,7818.4233143464035,7828.591567064332
86,13,1995,1270948.0,10782055394.905937,700861691.5782564,5583225317.177074,4497968386.150606,11148104021.926607,8483.474850982051,8771.48712766109
87,13,1996,1311126.0,11532284580.913294,767143938.5984488,6069484790.798003,4695655851.516843,11784099529.003296,8795.710390087066,8987.770457609182
88,13,1997,1346761.0,11970569510.198837,776386383.0780811,6489874732.003427,4704308395.11733,12312030267.544907,8888.414135989115,9141.956343809263
89,13,1998,1375980.0,13158062501.433971,849472448.7040538,6769736890.8159075,5538853161.914011,12848994274.344355,9562.684415059792,9338.067613151612
90,13,1999,1401291.0,14434267021.389261,922735210.3807092,7156387058.044423,6355144752.9641285,14053403342.628443,10300.692019993892,10028.897168845331
91,13,2000,1422941.0,15061796932.401764,941824383.7906506,7271657952.591465,6848314596.019649,14639403261.50068,10584.976420246352,10288.1308933404
92,13,2001,1444937.0,16049513789.587257,981439157.9795747,7766606722.063253,7301467909.544429,15501145884.17263,11107.414226078547,10727.904319823376
93,13,2002,1470634.0,16786709348.007874,1150631209.7799397,8180581160.734305,7455496977.493629,16331895529.70118,11414.607134071342,11105.343361911378
94,13,2003,1495819.0,17127245796.781424,1332174288.518686,8296795596.382785,7498275911.879953,17117084541.225365,11450.079051530582,11443.28594651182
95,13,2004,1522424.0,17434737928.736874,1482279219.471896,7811108765.518838,8141349943.746139,16995009593.576279,11451.959459872462,11163.125117297337
96,13,2005,1552726.0,17564653142.5368,1640572152.4343925,7692925410.691272,8231155579.411135,17287830344.787704,11312.139516268033,11133.857708821584
97,13,2006,1597650.0,18681161610.987553,1681626769.3853083,8246294783.322308,8753240058.279936,18303634198.70819,11692.899953674178,11456.598252876533
98,13,2007,1628377.0,19949528300.273415,1657738742.3762379,8884013801.58385,9407775756.313326,19534231580.15183,12251.172977924287,11996.135772091984
99,13,2008,1646554.0,20221126026.904003,1568419181.5952747,9129366313.094366,9523340532.214363,20749524552.11466,12280.876319212128,12601.788068969896
100,13,2009,1650319.0,19522915938.014187,1785776636.970934,8410220125.483404,9326919175.559847,20664617063.231903,11829.783174049493,12521.589500715863
101,13,2010,1667649.0,19065437247.48104,2776273051.8634167,7206083041.858317,9083081119.572477,19100861215.09097,11432.524018831926,11453.765879445238
102,13,2011,1677035.0,18680382361.888695,2348440606.501128,7766639158.989393,8565302554.972382,17851467780.640804,11138.934108047057,10644.660237049795
103,13,2012,1684976.0,17883928589.67129,1895377258.7907197,7621600895.368997,8366950394.925641,17765367947.361515,10613.758646812352,10543.395245606773
104,13,2013,1703098.0,17568146986.0,1812815986.0,7681744986.0,8073585986.0,17430668986.0,10315.405799313956,10234.68349208325
105,15,1990,169493.0,1458343137.5821161,135682383.12392372,1267517722.3260412,55143032.13215128,1459209650.5676382,8604.149655632482,8609.262037769337
106,15,1992,174747.0,1654926123.8656607,118329137.90533315,1499917659.3746285,36679326.58569901,1726833741.3499224,9470.412218038997,9881.907794410905
107,15,1999,188069.0,1858023461.6138873,182571504.4749612,1631979221.5218368,43472735.61708939,1898687985.7746756,9879.477540763693,10095.698843374908
108,15,2000,185860.0,1900582123.0521684,171866049.83062333,1687323576.8292687,41392496.39227643,1844596664.6510844,10225.88035646276,9924.656540681612
109,15,2001,184360.0,2213353666.707455,185444275.79301584,1988359751.1436372,39549639.77080196,1793441507.2195032,12005.606784049985,9727.931803099931
110,15,2002,184546.0,2447231158.6750054,220364773.55570996,2181250182.8167706,45616202.302524894,1860596332.6129255,13260.819300743477,10082.019293904637
111,15,2003,183829.0,2632602251.5719132,215758254.96942237,2372290993.9886746,44553002.61381653,2029201721.4586632,14320.930057672691,11038.528858116311
112,15,2004,183609.0,2637046638.7739344,291647550.49413216,2282585159.465719,62813928.81408276,2139337828.3045087,14362.295087789456,11651.595664180451
113,15,2005,183185.0,2712778724.3481965,282677391.46788985,2369768480.1685505,60332852.7117559,2106371406.1979938,14808.956652281553,11498.601993602062
114,15,2006,182818.0,3126482627.018312,260461638.8760282,2810085865.1874657,55935122.95481789,2241805400.5539246,17101.612680470804,12262.498225305628
115,15,2007,180728.0,3354427176.4641333,288407709.4532433,3012260420.972312,53759046.03857788,2471338670.4280233,18560.639062370705,13674.354114625421
116,15,2008,179897.0,2750120029.1663275,336211704.0830149,2330964448.007261,82943877.0760519,2426283147.308244,15287.192277616232,13487.06841864091
117,15,2009,179478.0,2920699825.915809,426565868.5700679,2394355394.99791,99778562.3478312,2517751405.909392,16273.30272187014,14028.189560332698
118,15,2010,180196.0,2740134382.8979316,408532638.09748733,2236352958.4975686,95248786.30287547,2366859051.6061273,15206.410702223864,13134.914490921705
119,15,2011,179601.0,2588607697.194056,359744692.4742616,2163327400.352688,65535604.36710666,2339629361.0642877,14413.102918102104,13026.817005831192
120,15,2012,182706.0,2572172064.4565563,323396831.8266272,2192912754.363047,55862478.26688206,2379079414.671265,14078.202491743876,13021.353511495328
121,15,2013,184760.0,2331770000.0,310778000.0,1962923000.0,58069000.0,2345917000.0,12620.534747780905,12697.104351591253
122,17,1990,1792656.0,15807999651.010906,828548662.4752854,5092874801.001339,9886576187.53428,15682283950.169016,8818.200285504248,8748.072106510685
123,17,1992,1831139.0,16184938385.960325,991278184.0925286,4615349387.492576,10578310814.375221,16393434283.7837,8838.727363657441,8952.588680479035
124,17,1995,1897161.0,18707529017.404022,1049886080.9526411,5665204909.829924,11992438026.621456,18072978688.266975,9860.80201807017,9526.328386608715
125,17,1996,1924970.0,18910039123.135162,1081835763.468282,5597031191.3107,12231172168.35618,18451062428.806717,9823.55004136956,9585.116873928797
126,17,1997,1952892.0,20215244570.09916,1230434275.6359673,5913562467.197072,13071247827.266119,20202891144.535873,10351.44010528957,10345.114396769444
127,17,1998,1972406.0,20991900092.96303,1375329744.3867896,6173834553.312713,13442735795.26353,21732594290.933483,10642.788600806849,11018.316863228709
128,17,1999,1987427.0,22559106636.68017,1501207191.215168,7189552762.569411,13868346682.89559,23383560040.13707,11350.910819205017,11765.745378389782
129,17,2000,2003839.0,23722325535.094856,1716192938.95664,7819863329.607047,14186269266.531168,24388659904.657864,11838.43888410938,12170.967779675846
130,17,2001,2025249.0,24268005504.56749,1828465324.1363895,8022807764.980234,14416732415.450867,25339103318.31702,11982.726817575267,12511.598977862484
131,17,2002,2047836.0,24639065472.385914,1845613258.2719479,8226078213.3402815,14567374000.773684,26565668146.67593,12031.757168242924,12972.556467742499
132,17,2003,2062664.0,24855244091.873154,2049883878.206115,8103017514.978481,14702342698.688559,26945786922.240086,12050.069275399752,13063.585209340972
133,17,2004,2079027.0,26004310392.958614,2161960956.0531187,8412283574.459541,15430065862.445951,26743335443.869667,12507.923366535697,12863.390155043522
134,17,2005,2072110.0,25780921735.47471,2189894796.0913157,7899651735.193085,15691375204.19031,26286961181.68124,12441.869271165484,12686.083838059387
135,17,2006,2097262.0,26264091767.479633,2181208632.1565866,7473135348.166672,16609747787.156376,26145576885.651684,12523.038021706223,12466.528686283202
136,17,2007,2100785.0,27121742081.721493,2093519807.243171,7932672609.359154,17095549665.11917,26561647155.273335,12910.289287919275,12643.677080364405
137,17,2008,2099093.0,27521384982.45685,2160550692.1618032,8169571552.372049,17191262737.922997,27807409246.294937,13111.084159899941,13247.345042022882
138,17,2009,2117012.0,29305334799.81891,3633998893.8038654,7787973651.361225,17883362254.653816,30096460690.2772,13842.78161853542,14216.480912851319
139,17,2010,2104098.0,30186025697.235638,4070556508.4224744,8675266329.087397,17440202673.83487,30513234272.8926,14346.302167121321,14501.81230764565
140,17,2011,2090024.0,30564992809.674374,2998734353.0342445,9636621133.77126,17929637150.951828,29547398240.79649,14624.230539780583,14137.348777237243
141,17,2012,2082789.0,30338006116.40617,2466014328.0494127,9617979177.874846,18254012299.999523,29594169457.50442,14566.04875309317,14208.913844611443
142,17,2013,2052060.0,30068667853.0,2311325853.0,9705995853.0,18051345853.0,29670207853.0,14652.91845901192,14458.742850111596
143,19,1990,478816.0,3771267769.124306,132804704.19669622,1866228272.7629313,1772234792.1646788,3796910134.881051,7876.235900897853,7929.789595337355
144,19,1992,491624.0,4422720249.465494,208625395.287445,1952763650.3296113,2261331203.848438,4644345197.876825,8996.14390157009,9446.945628929478
145,19,1995,498837.0,4703940870.57585,215631170.97779718,2111600154.6018808,2376709544.9961715,4740326815.279448,9429.815491986057,9502.757043441941
146,19,1996,502343.0,4838912947.295718,219631670.8266922,2207672716.2947617,2411608560.1742644,4877742593.369462,9632.687122734304,9709.984200774095
147,19,1997,502941.0,4943956433.532343,222280387.6025335,2389554802.9955354,2332121242.9342747,5058256097.193956,9830.092264365687,10057.354833258687
148,19,1998,501054.0,5130088687.65656,240230784.48443323,2451943745.3708906,2437914157.8012366,5216665691.2785635,10238.594418279388,10411.384184695788
149,19,1999,498214.0,5231146929.486217,260202887.9108509,2483756746.2104154,2487187295.36495,5299029287.990893,10499.799141505891,10636.050548541176
150,19,2000,497301.0,5171122352.506776,293644973.9159892,2542178669.0040655,2335298709.5867214,5377240669.427507,10398.375133986814,10812.849098287572
151,19,2001,495080.0,5352193375.070596,315090681.5112011,2557224108.372553,2479878585.1868415,5540834671.077278,10810.76467453865,11191.796620904255
152,19,2002,485932.0,5428067757.815612,354673678.77924484,2527631301.7373176,2545762777.29905,5722083880.208478,11170.42663956194,11775.482742870356
153,19,2003,482210.0,5540066212.663646,385844046.96715736,2500687018.518686,2653535147.1778026,5721392197.123442,11488.907763554564,11864.93892105813
154,19,2004,481226.0,5421923694.502779,435696551.66769606,2409234221.355775,2576992921.4793077,5480079303.875849,11266.89683122437,11387.745682643597
155,19,2005,478295.0,5532668600.650735,434120271.4102836,2447675849.8442492,2650872479.3962016,5486652543.744398,11567.481576539029,11471.273050616039
156,19,2006,483458.0,5660662408.27787,459103896.3457483,2494055425.0237684,2707503086.908354,5697761432.890329,11708.695291582455,11785.432101424178
157,19,2007,483100.0,5836258568.237966,438837088.21639234,2560799259.831462,2836622220.1901116,5841245953.402763,12080.849861804938,12091.173573592969
158,19,2008,485094.0,5947648796.607872,424127366.4282424,2667244318.0254135,2856277112.154217,5946402333.793924,12260.817071759026,12258.247543350204
159,19,2009,487539.0,6224494213.008711,468159724.53469557,2763896255.348727,2992438233.125288,6224349793.668069,12767.17188370307,12766.87566259944
160,19,2010,491233.0,6137467868.397811,778136087.8667853,2369456180.3355985,2989875595.9220734,6347478643.500556,12494.005631539028,12921.523276124684
161,19,2011,495751.0,6315848873.355243,617956830.5918286,2628211783.601346,3069680244.66304,6273205162.144433,12739.961943304686,12653.943536461718
162,19,2012,495836.0,6360736994.286199,519749529.4361221,2720307658.9397707,3120679771.412263,6348579478.037402,12828.308138751925,12803.78891011827
163,19,2013,499463.0,6281344992.0,459131992.0,3118412992.0,2703799992.0,6318240992.0,12576.196819384018,12650.068157200834
164,22,1990,779548.0,5461866696.951336,552122105.3511065,3025039623.222144,1884704968.3780854,5527003155.593469,7006.453351110305,7090.010051457343
165,22,1992,759465.0,5547219779.831333,610660233.8341844,3069310708.222472,1867248837.7746758,5583088917.154649,7304.115107123216,7351.3445875118005
166,22,1995,797061.0,5796733044.720003,686962233.1838564,3056558471.986765,2053212339.5493815,5710829132.918625,7272.634145592374,7164.858314380738
167,22,1996,796087.0,5762116596.007333,695623069.3098502,2937852447.75263,2128641078.944852,5666679195.555734,7238.04885145384,7118.165722535015
168,22,1997,808798.0,5959156360.229986,693730762.0600145,3030163803.3200083,2235261794.8499637,5844697054.085765,7367.916785439611,7226.398994663396
169,22,1998,774561.0,6350211206.983281,711814712.8316547,3238776808.033842,2399619686.117785,6259218248.834414,8198.464945928445,8080.988132418768
170,22,1999,764642.0,6491677252.886586,745338199.1270196,3307299718.562709,2439039335.196858,6576495587.853318,8489.825634593164,8600.751185330282
171,22,2000,750755.0,6473732593.174121,752497375.3387536,3194980694.1734424,2526254523.6619244,6503178260.281166,8622.963008137302,8662.184414730727
172,22,2001,737223.0,6555034734.546782,759976436.7587539,3191015604.50866,2604042693.279368,6499152663.116529,8891.522286400155,8815.72151590025
173,22,2002,725027.0,6772414357.391706,864725037.3847579,3284531044.1672454,2623158275.839703,6861814187.859624,9340.913314113415,9464.218833036044
174,22,2003,723252.0,6937514917.637598,935937242.5050961,3341899425.9229894,2659678249.2095127,6984371425.218572,9592.113008519296,9656.898875106563
175,22,2004,721414.0,7047039543.4218645,969363345.5373687,3380479641.414453,2697196556.4700427,7040555883.029647,9768.370926294561,9759.383492737383
176,22,2005,717625.0,7127471619.752505,1007543610.1557497,3325168273.0403233,2794759736.556432,7087495051.028375,9932.028036582484,9876.32126950479
177,22,2006,648313.0,7835664372.692322,1475586432.063577,3252176026.8157573,3107901913.8129873,6970722292.699762,12086.23669846559,10752.093961866818
178,22,2007,674577.0,8044573623.159192,1407158310.1765232,3341985116.6950474,3295430196.2876215,7646777130.865246,11925.360074771586,11335.662394159963
179,22,2008,678408.0,8577774057.953343,1439241488.5122867,3734727190.2787933,3403805379.1622634,8398820084.234197,12643.975392320466,12380.190216262481
180,22,2009,682158.0,8906574197.23443,1396318937.9279563,3979147001.7623215,3531108257.5441527,8980536445.117857,13056.468145553421,13164.892070631522
181,22,2010,690915.0,8932786191.56849,1719843331.1805,3700241617.8666873,3512701206.1977925,8959177357.256046,12928.92206938406,12967.119482506598
182,22,2011,696552.0,8647774059.12165,1626369359.0101397,3526014338.0433598,3495390320.642359,8835877192.585514,12415.116257108804,12685.165203151399
183,22,2012,701923.0,9033007165.175753,1634198670.4657097,3838320244.892224,3560488225.4662595,9056419160.662712,12868.943125066073,12902.297204483557
184,22,2013,710879.0,8561683977.0,1304359977.0,3575231977.0,3682091977.0,8252441977.0,12043.799264009767,11608.785710367025
185,23,1990,207461.0,1931361165.5080042,90268901.11933158,854786533.0410103,986305731.3476624,2036132569.9693859,9309.514393105232,9814.531743168045
186,23,1992,211295.0,2003598045.872431,121470281.52096446,849460198.4736903,1032667565.8777763,2040197681.7110105,9482.4678571307,9655.683673115835
187,23,1995,212154.0,2211721506.2479486,119599244.2332932,997706547.9656565,1094415714.048999,2199574003.344088,10425.075682042048,10367.817733081101
188,23,1996,213601.0,2205759750.255021,116777071.30485603,961506040.9467646,1127476638.0034003,2175988473.6505156,10326.542245846325,10187.164262576092
189,23,1997,213241.0,2230754071.6592255,108115694.40348873,971623334.1267781,1151015043.1289585,2217090126.443256,10461.187443593048,10397.109966860295
190,23,1998,212038.0,2303621979.505137,117823097.40043962,995276120.111446,1190522761.9932516,2288594872.110321,10864.194057221523,10793.324178262013
191,23,1999,209822.0,2377662853.0341682,117956069.25809193,1030521302.69148,1229185481.0845962,2365506989.499224,11331.809119320988,11273.874948762399
192,23,2000,208589.0,2412776555.809621,133986849.28861791,1025356137.9573172,1253433568.563686,2480067602.7439027,11567.132283148301,11889.733412327127
193,23,2001,206750.0,2505925748.228069,140251829.5627824,1063355235.9892697,1302318682.6760168,2563903644.020614,12120.559846326814,12400.984977125097
194,23,2002,204949.0,2630779971.1026173,174814621.62844566,1100967803.1109567,1354997546.363215,2650168994.005096,12836.266442395998,12930.870577583184
195,23,2003,203848.0,2738631863.386183,207069773.617214,1107060181.5990937,1424501908.1698751,2727883017.778029,13434.676147846352,13381.946439396163
196,23,2004,201594.0,2748801905.172946,234896713.65040144,1073406546.4175415,1440498645.1050029,2825793059.8208766,13635.335898751679,14017.24783386845
197,23,2005,198609.0,2773258299.763174,235771455.40217617,1068330945.387241,1469155898.9737568,2773662681.847663,13963.406994462355,13965.44306576068
198,23,2006,195533.0,2752506339.2914715,232789908.1455913,1095332985.6744242,1424383445.471456,2751964368.1183076,14076.940154815153,14074.168391618336
199,23,2007,193405.0,2851720323.7820363,222574000.5703126,1215545646.165421,1413600677.0463028,2810111217.6335516,14744.811787606506,14529.672023130484
200,23,2008,192936.0,2807067798.9785686,210896747.32450077,1214003926.8335633,1382167124.8205042,2794038367.37652,14549.217351756897,14481.68494929158
201,23,2009,187254.0,2848347907.973527,266104036.6599545,1202211743.087051,1380032128.2265217,2870088990.968535,15211.14586590154,15327.250638002579
202,23,2010,187649.0,2907338805.8410296,342847817.20128775,1157985810.76256,1406504846.6922505,2871483229.481647,15493.494800617267,15302.416903269654
203,23,2011,187807.0,2752814339.23962,299659664.0237286,1083062833.5473406,1370091796.100179,2835788131.1277976,14657.676972847765,15099.480483303592
204,23,2012,187692.0,2657023017.002998,245372376.4009499,1032242300.1286037,1379408283.6531382,2684666096.0116973,14156.293379595283,14303.572320672682
205,23,2013,184298.0,2675745971.0,197768971.0,1052168971.0,1425807971.0,2591587971.0,14518.583875028486,14061.942999924036
206,26,1990,1637268.0,15486086510.99241,780457191.7788124,4016153966.754895,10689475352.458702,15505684681.232859,9458.492141172006,9470.462185318995
207,26,1992,1618673.0,16541028188.344812,893052697.3720155,4215939362.929088,11432036128.043709,16885619280.009499,10218.881879381946,10431.76681146192
208,26,1995,1604177.0,19106250238.441975,1058662674.7320352,12308722556.671768,5738865007.03817,19070887032.153008,11910.31303805127,11888.268583923724
209,26,1996,1627140.0,19285515146.87334,961057503.8784403,12533010881.340986,5791446761.653916,19377285534.00808,11852.400621257753,11908.8004314368
210,26,1997,1673039.0,19864851090.20351,1166649847.3574915,12572270734.921087,6125930507.92493,20551458894.9486,11873.513462748631,12283.90903914888
211,26,1998,1661628.0,20847406916.798725,1229774738.3799393,13378667297.725061,6238964880.693726,21125709231.57302,12546.374349011166,12713.86208680464
212,26,1999,1696275.0,21324662751.673416,1424838663.8276048,13312863437.08039,6586960650.76542,22149429421.746956,12571.465565237604,13057.687828770073
213,26,2000,1700074.0,21563380207.774395,1393735421.7140925,13450193877.455965,6719450908.604338,22430609623.06911,12683.789180808833,13193.901926074459
214,26,2001,1705088.0,22066568960.94456,1434898979.3721764,13788750812.838858,6842919168.733528,23120851500.887146,12941.60123169277,13559.916849386744
215,26,2002,1725522.0,23390441407.827194,1626041089.2193651,14514963675.557098,7249436643.050729,24465490266.622654,13555.574143840064,14178.602339826819
216,26,2003,1765023.0,23419993338.095127,1719356875.755379,14224633252.693089,7476003209.646658,24929155069.007923,13268.945128814255,14123.983126003413
217,26,2004,1740776.0,23044843175.262505,1761546518.298332,13747339539.762197,7535957117.201976,24772525918.90055,13238.258785313275,14230.737279753715
218,26,2005,1728734.0,22873803422.805626,1815312927.6338804,13173345221.717512,7885145273.454233,24526538052.32984,13231.53441929506,14187.57197598349
219,26,2006,1726636.0,22905439783.53106,1776418567.6015868,13011916644.280928,8117104571.648545,23961265497.418457,13265.934327519559,13877.427261691784
220,26,2007,1700094.0,23251369404.366924,1745646602.269032,12902992355.533857,8602730446.564035,23495660270.864334,13676.519889116087,13820.212453466886
221,26,2008,1677066.0,22267616715.597816,1630418804.6005037,12213183480.736404,8424014430.260911,22554368082.74404,13277.72235296513,13448.70630180568
222,26,2009,1641220.0,22334383706.998478,2415678422.0068483,11841293557.789564,8077411727.202066,22764766372.42837,13608.403326183254,13870.636704663832
223,26,2010,1622450.0,21827037751.360046,2724997073.4840817,11235349424.70124,7866691210.441186,22450536118.471096,13453.134303898452,13837.428653253473
224,26,2011,1569528.0,21164026404.10835,2772501932.8161097,11092425038.129768,7299099358.596043,20239072335.891754,13484.325481360223,12895.00559142096
225,26,2012,1539674.0,20003372657.5656,2025614443.6030533,10857136814.860348,7120621297.637367,19479589883.7824,12991.953269046306,12651.762570376844
226,26,2013,1518027.0,19593888954.0,1786440954.0,10938980954.0,6868466954.0,18796093954.0,12907.470653684026,12381.923347871942
227,27,1990,739125.0,7258649124.475412,273857328.2926207,3723208391.5013714,3261583404.681421,7522377522.169781,9820.59749633068,10177.409128590944
228,27,1992,768907.0,7777624332.901769,322236176.87373793,3952584686.8333526,3502803469.194678,8313961323.479628,10115.169107449625,10812.700786284464
229,27,1995,816695.0,8781863404.67844,359363372.7797221,4463878634.419774,3958621397.478945,9409994483.28776,10752.929067373303,11522.042480103048
230,27,1996,827418.0,9061957765.784721,358296459.9325258,5102432930.602487,3601228375.249708,9540001741.183191,10952.091646283645,11529.845545036718
231,27,1997,837847.0,9150383464.253452,364579891.41833663,4820998342.132177,3964805230.702938,10000546443.725988,10921.305995311139,11936.005551999338
232,27,1998,841723.0,9535580689.249014,448097909.99948865,4806823666.952097,4280659112.297427,9739807867.780275,11328.644565075461,11571.274478397612
233,27,1999,847618.0,9744801425.934261,453440840.98003894,5450093722.795036,3841266862.159187,10447389919.983488,11496.69004897756,12325.587611380937
234,27,2000,847561.0,9994466278.803322,453108291.22628736,5829874117.818429,3711483869.758605,10518102952.015585,11792.031816946888,12409.847730152265
235,27,2001,845597.0,10401511843.397026,468842356.5112011,6263591477.447289,3669078009.4385357,10913324519.743036,12300.790853559116,12906.058701418093
236,27,2002,842337.0,10571094473.641417,545508754.1718786,6281604379.673384,3743981339.7961545,11411002701.403751,12549.721161057174,13546.837787493308
237,27,2003,837797.0,10904721598.482445,604825182.7180067,7808044776.110984,2491851639.653454,11474196401.234426,13015.947298071544,13695.676161688842
238,27,2004,836501.0,10902123865.54972,645974595.9079678,7572127234.820876,2684022034.8208766,11239742874.567633,13033.007570283504,13436.616184042377
239,27,2005,831361.0,10688566420.970768,656797620.2005545,7222539581.367611,2809229219.402602,11049841852.400253,12856.708963940777,13291.267995973172
240,27,2006,832179.0,11021680626.36104,673374337.4953493,7565546633.34091,2782759655.524781,11428348522.806,13244.362843043433,13733.041236087427
241,27,2007,835397.0,11217604466.610985,643278309.0672473,7294572686.916046,3279753470.6276927,11533393920.567785,13427.87257628527,13805.883814004343
242,27,2008,835516.0,11295682977.769648,639539295.4563926,7342268647.57918,3313875034.734075,11666676620.756453,13519.409535867235,13963.438905725867
243,27,2009,833353.0,11656764731.398312,666078286.9369074,7509849147.77715,3480837296.684254,12566903017.142729,13987.78756589142,15079.927734276745
244,27,2010,833938.0,11528987578.659483,1395299167.142692,6740891046.369922,3392797279.6797905,11713174475.812195,13824.753852995646,14045.617870647691
245,27,2011,835045.0,11746326000.825237,918222339.5871994,6895083956.894842,3933019629.776769,11429956184.806463,14066.698202881566,13687.832613579461
246,27,2012,838914.0,11303839807.337238,788362428.8007884,7148196403.325374,3367280889.9806175,11320614988.120193,13474.372590441022,13494.368896120692
247,27,2013,844208.0,11351350960.0,685760960.0,7233332960.0,3432256960.0,11443894960.0,13446.15421791786,13555.776491101718
248,28,1990,502020.0,2763416887.741565,417447088.14656544,1553575767.4086356,792394032.1863639,2859820914.7522163,5504.595210831372,5696.627454587897
249,28,1992,498092.0,2796999124.195272,461064099.25169253,1496192116.9467866,839742907.9967928,2809082233.727283,5615.42671674163,5639.685507350616
250,28,1995,503301.0,3239394748.3894777,474358001.01170284,1811824671.0981073,953212076.2796673,3302219016.176309,6436.297063565297,6561.121508155773
251,28,1996,503602.0,3329215892.0863886,438161306.8696207,1909147533.7716503,981907051.4451175,3369561949.9043674,6610.80752675007,6690.922494160801
252,28,1997,503979.0,3301261410.8088465,443393933.78673035,1818769070.6780188,1039098406.3440971,3366024012.1171217,6550.39477995878,6678.897359050917
253,28,1998,504792.0,3430810807.269566,460674091.1763201,1885080953.4941971,1085055762.5990489,3634879354.4246197,6796.484110821023,7200.7467519782795
254,28,1999,502382.0,3541978369.775876,474591931.64990735,1922841681.024563,1144544757.1014056,3932407868.4376397,7050.3687826711075,7827.5254058418495
255,28,2000,499362.0,3711193027.845529,498963769.1395665,2034958586.9749327,1177270671.73103,4053715698.746613,7431.869120689058,8117.789697146786
256,28,2001,496513.0,3714267824.3764124,507702597.684488,1999503274.275226,1207061952.4166982,3855360351.8472333,7480.7060930457255,7764.872927490786
257,28,2002,492198.0,3923598212.2376647,568011210.4493861,2123755273.8105164,1231831727.9777622,3919132688.8278894,7971.5850373989015,7962.512421480562
258,28,2003,491623.0,4129303021.0351067,611529281.2865231,2221762832.949037,1296010906.7995467,4058921383.2865224,8399.328389914846,8256.166581479147
259,28,2004,492557.0,4294044287.4150705,637043991.9703519,2352563551.5132794,1304436743.931439,4284529081.037677,8717.862678664744,8698.544698456579
260,28,2005,494382.0,4341611867.657349,659211984.0324299,2336231010.2410917,1346168873.3838272,4307330048.406229,8781.897131484053,8712.554357574161
261,28,2006,493952.0,4945436109.207969,990064618.8954568,2436828353.7286587,1518543136.583853,4698665887.090239,10011.97709333694,9512.39368823335
262,28,2007,494135.0,4742370739.830931,800909566.3855561,2488299600.017523,1453161573.427852,4672494541.237943,9597.318020036893,9455.90687006171
263,28,2008,493302.0,4813823157.4819145,766329016.8116176,2585419227.8847976,1462074912.7854993,4721094763.7161665,9758.369431873201,9570.39453259092
264,28,2009,491194.0,4769205492.131504,733580755.4407864,2534790716.3857512,1500834020.3049667,4943654282.889819,9709.413168995354,10064.56569683225
265,28,2010,492479.0,4771602426.58497,1010619337.4402348,2253220927.1196203,1507762106.4715135,4812071088.53877,9688.945978579737,9771.11935440652
266,28,2011,490500.0,4677740439.892041,1042340239.3396696,2145304046.5801458,1490096100.118695,4500687636.684136,9536.677757170319,9175.713836257159
267,28,2012,490617.0,4543420662.455255,806757006.5765969,2227883599.2345757,1508780007.9409623,4488063479.054997,9260.626236871643,9147.794469117453
268,28,2013,493648.0,4444063976.0,707521976.0,2213500976.0,1523040976.0,4367933976.0,9002.495656824296,8848.276456098272
269,31,1990,266125.0,2448170192.2762933,127933688.81306206,451504970.9643472,1868731532.4988837,2358853385.671918,9199.324348619233,8863.704596230786
270,31,1992,278475.0,2560731001.0007124,141801383.37985507,817255175.2939777,1601674442.3268793,2557822288.7308464,9195.550771166934,9185.105624314017
271,31,1995,285836.0,2801390588.1849494,157130227.9093295,857623489.057202,1786636871.2184181,2865277342.0677013,9800.691963870715,10024.200387871722
272,31,1996,289251.0,2836527626.9737544,149838114.81776646,853050668.9591968,1833638843.1967912,2882529410.4744453,9806.457460730488,9965.495056108519
273,31,1997,290883.0,2893913298.2997613,168035323.30754852,915426277.6580832,1810451697.3341293,2825272835.9594016,9948.719238662146,9712.746485560867
274,31,1998,291570.0,2948022644.7829857,187076411.45135725,948101149.5833544,1812845083.748274,2810209135.757374,10110.857237654716,9638.197125072447
275,31,1999,290383.0,3093653284.526489,211123518.96292958,1126954277.1724446,1755575488.3911147,2884047150.737905,10653.699715639306,9931.873252696974
276,31,2000,286953.0,3056204831.6734424,205721938.1436315,1098197840.5995936,1752285052.930217,2923158198.2554207,10650.541488234807,10186.888439066399
277,31,2001,285331.0,3098838801.9531255,218486729.56513557,1060779200.7718375,1819572871.6161523,3084616666.7639313,10860.505174527569,10810.660835184159
278,31,2002,283791.0,3274666226.3562655,258250491.7419504,1139442794.2529533,1876972940.361362,3319386215.723882,11539.00661527767,11696.587332663412
279,31,2003,283934.0,3293582807.7168736,286020855.07814264,1112767656.523216,1894794296.115515,3322879997.060022,11599.818294803981,11703.001391379765
280,31,2004,284170.0,3372840342.8659663,296149235.94811606,1078929436.1334155,1997761670.7844346,3290531032.6899314,11869.093651215704,11579.445517436505
281,31,2005,284488.0,3454114864.689566,353050609.97653073,1048024761.8348621,2053039492.878173,3231210871.07318,12141.513401934584,11357.986526929713
282,31,2006,285500.0,3590485064.521929,348715115.3486833,1095499390.469596,2146270558.7036495,3313362145.5293283,12576.129823194146,11605.471613062446
283,31,2007,287110.0,3633537608.999444,335034536.29242116,1114585645.3716455,2183917427.335377,3476913041.725663,12655.559224685465,12110.03810987309
284,31,2008,290896.0,3660572390.839632,348376618.507681,1180633996.5861983,2131561775.7457528,3598363942.0331078,12583.783863785105,12369.932697710206
285,31,2009,292145.0,3824920176.273012,323295181.41392857,1284328797.3480873,2217296197.5109963,3826355682.8018007,13092.540266898328,13097.45394513615
286,31,2010,295294.0,3974817412.443542,497555112.4327655,1265976800.558036,2211285428.9424,3888964663.149211,13460.542416857577,13169.805899033543
287,31,2011,298476.0,4017668059.3429112,592356696.191022,1194178187.697985,2231133100.887477,3807367950.398641,13460.606746749861,12756.0271190938
288,31,2012,301272.0,3819193086.9660487,371377487.39477706,1183459392.7407012,2264356137.834484,3937360045.7251186,12676.89359437999,13069.12041518999
289,31,2013,303447.0,3870163971.0,366240971.0,1217305971.0,2286616971.0,3912874971.0,12754.003074672019,12894.755825564267
290,32,1990,186834.0,1527769370.387142,59646760.118630014,967328027.195612,500794583.07290006,1697308163.144971,8177.148540346736,9084.578626721961
291,32,1992,211810.0,1821391793.4790351,74739959.4548046,720417635.7524645,1026234198.2717661,2078020902.5626554,8599.17753401178,9810.778067903571
292,32,1995,250749.0,2090896198.9226725,99379904.51438257,629308221.4781799,1362208072.9301102,2111519130.4823358,8338.60234307085,8420.847662332993
293,32,1996,265041.0,2303830449.455425,99922771.13484222,736451824.304006,1467455854.0165765,2389705990.1524816,8692.354954348288,9016.363468868896
294,32,1997,282131.0,2469074174.877998,98878199.84165715,786130379.6983699,1584065595.337971,2766081757.294154,8751.516759512419,9804.246103030699
295,32,1998,296621.0,2725115549.869638,121044314.71550532,865872932.2478398,1738198302.9062927,2901189231.902765,9187.19696134002,9780.795128810047
296,32,1999,311236.0,2922717397.240982,128856069.30311668,946793806.8362597,1847067521.1016054,3215867821.8545194,9390.679089954188,10332.570209919544
297,32,2000,325610.0,3053842792.95393,149610666.68360436,888524290.1422766,2015707836.1280491,3303959154.132792,9378.836009194834,10146.98305989617
298,32,2001,340706.0,3141764389.8178654,155664624.54348648,896512881.5135543,2089586883.7608247,3552068385.264496,9221.335667167192,10425.611481055501
299,32,2002,356814.0,3373291092.5689135,199205341.57516792,1062394383.9587675,2111691367.034978,3789223256.6388693,9453.920228939765,10619.603649629413
300,32,2003,369498.0,3518656391.1845975,242936827.59456393,1061087591.8120043,2214631971.778029,3810506291.542468,9522.802264652575,10312.657420452799
301,32,2004,385414.0,3785770699.521309,273169673.37862873,1119879973.7029028,2392721052.4397774,3981980051.7140203,9822.608155181983,10331.695402123483
302,32,2005,400083.0,4033855629.746105,299911941.19266045,1090220064.1199057,2643723624.433539,4155401671.388947,10082.546945873994,10386.349011052574
303,32,2006,412747.0,4266004174.932825,299082574.01099575,1104961352.017279,2861960248.9045506,4648909697.745028,10335.639447246922,11263.339764419918
304,32,2007,422782.0,4500984219.053505,312173908.68527055,1210640279.2743402,2978170031.0938945,4883312963.754802,10646.111279698533,11550.427794359273
305,32,2008,428776.0,4694361815.153485,303931346.7988837,1454358096.1283154,2936072372.226286,5281472850.497168,10948.284920689322,12317.557070585033
306,32,2009,430985.0,4823498477.3352995,461634793.57290345,1479192836.4027338,2882670847.3596625,4970936507.954726,11191.801286205551,11533.896789806437
307,32,2010,428947.0,4595910984.871588,383502535.64459497,1502758036.7670155,2709650412.459977,4593038222.675343,10714.402909617243,10707.705666843089
308,32,2011,437149.0,4346453222.776899,463852888.25497264,1437634502.9174554,2444965831.6044707,4462082967.207801,9942.72713142864,10207.235901735565
309,32,2012,439634.0,4187884869.2365174,410750950.20483625,1385012214.7708616,2392121704.2608194,4246505161.654979,9525.843927531805,9659.182778527093
310,32,2013,445707.0,4131799999.0,392008999.0,1397684999.0,2342105999.0,4057442999.0,9270.215632691432,9103.386303109442
311,40,1990,592833.0,3756779529.3704953,346804884.444161,2020749290.0535748,1389225354.8727598,3802759989.00759,6336.994616309307,6414.555176597102
312,40,1992,587756.0,3979118385.176386,351399669.87171865,2441385806.069604,1186332909.2350633,4175914685.188264,6770.0174650303625,7104.84399170449
313,40,1995,609743.0,4826623617.62277,418920686.91621995,2759761007.065514,1647941923.6410365,4862685465.848188,7915.832764989135,7974.975466464049
314,40,1996,616436.0,4730779868.499629,413309085.7958772,2757008836.7814264,1560461945.9223251,4745917251.944533,7674.40556440511,7698.961858075345
315,40,1997,620695.0,4954347707.854843,403763413.12688196,2865614491.314505,1684969803.4134564,4921188512.921815,7981.935907095825,7928.513219732421
316,40,1998,623681.0,5087608348.39732,446894598.11870545,2934591854.930729,1706121895.3478856,5170436792.5617285,8157.3887105705,8290.194494560086
317,40,1999,628522.0,4899555614.285356,434036491.40027004,2898117576.76472,1567401546.1203659,4932223448.651757,7795.3605669894705,7847.336208838764
318,40,2000,627032.0,4885216910.9586735,487940921.7818429,2806414502.18496,1590861486.9918702,4858096756.199188,7791.016903377616,7747.765275455141
319,40,2001,623110.0,5188666448.964609,529733092.94286525,3025996735.6362953,1632936620.3854482,5241014694.759507,8327.04730940702,8411.05855267851
320,40,2002,621573.0,5230459281.195274,620860576.395645,2911922745.8466525,1697675958.9529765,5359539845.930043,8414.875294125186,8622.542880611036
321,40,2003,624202.0,5605957345.402038,714192913.8799546,2878159173.6013584,2013605257.9207244,5542217754.6862955,8980.998691772917,8878.884967824992
322,40,2004,625826.0,5700589124.150709,732224422.529339,2911031548.888202,2057333152.7331684,5426774414.746757,9108.904270756902,8671.378969149182
323,40,2005,629079.0,5836161530.096008,809298573.6206527,2911480629.1380405,2115382327.3373153,5709048375.803284,9277.311005606623,9075.248698181442
324,40,2006,634400.0,5916945437.852919,756687671.6113429,2971003924.473977,2189253841.767599,5887372763.455416,9326.837071016582,9280.221884387478
325,40,2007,638974.0,6170393150.59549,730950225.9808551,3126082684.7457237,2313360239.8689117,6185315982.26002,9656.720227420037,9680.07459186136
326,40,2008,641624.0,6254117430.99244,694738554.9324012,3199580237.4895005,2359798638.570538,6132498582.716951,9747.324649627257,9557.77617844244
327,40,2009,644491.0,6547524444.654845,834995708.3626599,3273859406.7709374,2438669329.521248,6451960103.818532,10159.21780855721,10010.939026019809
328,40,2010,654704.0,6176878831.445871,821136668.2370408,2842733292.0648427,2513008779.2668777,6385282825.461538,9434.612941796402,9752.930828987663
329,40,2011,659708.0,6050602553.787389,1005172963.0610073,2843619618.243705,2201809808.850795,5854926785.381487,9171.637381670966,8875.027717386307
330,40,2012,666006.0,5923175903.074362,786073319.2678812,2917451711.218597,2219650661.5410323,5728233549.389759,8893.57738980484,8600.873790010539
331,40,2013,673359.0,5894204883.0,717482883.0,2899138883.0,2277582883.0,5817580883.0,8753.435957639238,8639.64227551722
332,41,1990,472187.0,4537912458.642133,272222364.4907201,1127955643.201097,3137734450.9503155,4636766256.93284,9610.413795047582,9819.766865527512
333,41,1992,497414.0,4606191592.469414,272318224.9227936,1308769441.064853,3025103926.4817667,4811677504.365126,9260.277339337883,9673.385759880352
334,41,1995,519284.0,5048050306.283494,342680047.93831336,2326537269.914141,2378832988.4310393,4977608242.50246,9721.17435985606,9585.522069816247
335,41,1996,527769.0,5013679029.513336,285501270.09882057,2707037054.6594415,2021140704.755074,5212780475.520668,9499.760367724017,9877.011487072314
336,41,1997,537675.0,5046764741.0367565,278156707.8107154,2650542687.4493823,2118065345.7766585,5504141905.004672,9386.27375465989,10236.931055014038
337,41,1998,540226.0,5562231996.899442,351081246.8892183,3152549936.728694,2058600813.281529,5630302006.630539,10296.120506786867,10422.123345841443
338,41,1999,541436.0,5462832765.701135,359357366.12386805,3106228701.5658607,1997246698.011406,5622847675.266396,10089.526307266482,10385.064301720602
339,41,2000,542739.0,5911049244.5799465,363326468.97018975,3324173118.936315,2223549656.6734424,5950170341.768293,10891.14518134858,10963.226047452448
340,41,2001,544756.0,5996191654.259225,430407069.05355805,3373272069.611258,2192512515.594409,6202317887.977693,11007.11447741599,11385.49715464849
341,41,2002,549604.0,6181146939.323604,511947392.90711135,3448346335.656706,2220853210.7597866,6450379924.834375,11246.546494064096,11736.413717575519
342,41,2003,552135.0,5815139403.947904,515954720.05436003,2973496925.911664,2325687757.9818797,6304896978.727066,10532.097048634669,11419.1220964566
343,41,2004,549196.0,6272861879.138356,568448172.3594811,3278565182.751698,2425848524.027177,6652468663.387893,11421.900157936976,12113.104726523668
344,41,2005,550455.0,5990640257.840835,594306870.1706847,2911500907.88564,2484832479.7845097,6677170100.625132,10883.069929132871,12130.274228820033
345,41,2006,556152.0,6273859456.130378,597395525.8443221,3162948388.938034,2513515541.3480215,6224149490.339381,11280.835915595697,11191.453937663411
346,41,2007,559593.0,6356556655.325388,591442760.078035,3278072657.78549,2487041237.461863,6331435469.270035,11359.249767823021,11314.357880227299
347,41,2008,562583.0,6608507799.777831,557470755.5474274,3462397787.4095745,2588639256.8208294,6932921387.087159,11746.725016180422,12323.375194570684
348,41,2009,560676.0,6687544967.635729,712647552.065611,3384966743.411392,2589930672.1587257,7291559857.326474,11927.646212136295,13004.943777380295
349,41,2010,561433.0,6644829288.663939,868676700.0397145,3149049477.6276827,2627103093.9031267,6835299084.468983,11835.480437850892,12174.736940060493
350,41,2011,560943.0,6330362398.8619585,878886506.9374757,2892309497.458987,2559166377.8951793,6542825969.840408,11285.215073299709,11663.976500001621
351,41,2012,567926.0,6214591116.039527,558963666.0780555,3082554368.6590977,2573073063.0387034,6406582872.390504,10942.607163678942,11280.664861954732
352,41,2013,587380.0,6170888990.0,565072990.0,3041824990.0,2563990990.0,6269745990.0,10505.78669685723,10674.088307398959
353,42,1990,1628799.0,18593254092.34645,931793862.9950889,7793330427.307226,9868129802.044136,19175525857.33784,11415.315267474041,11772.800607894429
354,42,1992,1663264.0,18689562120.317135,1092661416.6676562,7018302670.539849,10578598033.10963,19157707074.495186,11236.678074146459,11518.139678665073
355,42,1995,1741698.0,21336914572.336754,1091946771.538335,8257669455.118668,11987298345.679752,21610190582.478394,12250.639647250417,12407.541710720454
356,42,1996,1764117.0,21790239705.387314,1129039091.6321328,8361430493.164914,12299770120.590267,22350796678.69249,12351.924336870692,12669.679323249245
357,42,1997,1781383.0,22037093289.39622,1134177115.099678,8266369021.991486,12636547152.305056,22897486449.413353,12370.77781105816,12853.769486636702
358,42,1998,1791100.0,22396125042.71509,1223923955.909718,8265827985.841723,12906373100.963648,23484476336.427067,12504.117605223099,13111.761675186795
359,42,1999,1792309.0,22433885299.237076,1259583530.9920454,8230967072.747509,12943334695.49752,23490232917.149426,12516.75090580758,13106.128975053647
360,42,2000,1793735.0,22751014899.339436,1363164201.2195125,8240656604.285232,13147194093.83469,23787255896.138214,12683.598691746236,13261.298851914144
361,42,2001,1789696.0,22920169411.05516,1394031062.1305537,8187510878.769768,13338627470.15484,24063994829.90399,12806.738916025493,13445.856072709552
362,42,2002,1794778.0,23828492676.977066,1651826637.6789436,8493250686.164002,13683415353.134119,25686005363.6391,13276.568286984275,14311.522296149773
363,42,2003,1789555.0,25445133849.86183,1835319798.7089465,8771651938.095129,14838162113.057755,26464079584.4462,14218.693390179029,14788.078368335257
364,42,2004,1795296.0,26454974740.426186,2027647928.8449657,8895788025.648548,15531538785.932673,27603293032.81346,14735.717530939848,15375.343694194975
365,42,2005,1803478.0,27557611999.00362,2129447428.0989966,9176073645.508852,16252090925.395771,28161513102.523994,15280.259586756045,15615.113188252919
366,42,2006,1807449.0,28317532717.843407,2121382641.5257735,9247015087.053034,16949134989.264599,28563514828.361782,15667.126827834923,15803.220355518622
367,42,2007,1819943.0,29235822634.293747,2097149958.50865,9702453931.322943,17436218744.462154,29557126412.735527,16064.141917792891,16240.687984588269
368,42,2008,1785643.0,29405781405.388924,2078790521.9594133,9826280767.956324,17500710115.473186,29661775869.8014,16467.894985385614,16611.257608492513
369,42,2009,1759613.0,30028741049.832504,2031919314.690861,10758094209.98864,17238727525.153,30653500203.309914,17065.537166315833,17420.59202978718
370,42,2010,1762540.0,30827596065.402298,3281569291.5687304,10117411100.536705,17428615461.765842,31182338928.92978,17490.437700932915,17691.705679831255
371,42,2011,1765798.0,30684491668.27292,3592934479.403335,9641195522.063017,17450361385.111176,31032399976.070953,17377.124488912614,17574.150597107342
372,42,2012,1750005.0,29655106289.45865,2281066357.787628,9752533819.162365,17621505996.83875,29632508041.92959,16945.72660618607,16932.81335877874
373,42,2013,1743193.0,29985862945.0,2169143945.0,9835662945.0,17981055945.0,31334464945.0,17201.688479129964,17975.32742788664
374,44,1990,135035.0,1418399741.6671982,58732107.5228012,556875446.1317686,802792188.0126283,1392741329.3736844,10503.941508995431,10313.928458352906
375,44,1992,141364.0,1466097238.3418455,72292789.42867322,547558443.9066396,846246005.0065327,1433443954.7095852,10371.079188066591,10140.091923754175
376,44,1995,143767.0,1631050687.8513613,81345158.50924203,632440644.5149293,917264884.8271899,1585483028.7706437,11345.097886520281,11028.14295888934
377,44,1996,145964.0,1650551061.6618853,82658549.67059824,650600047.1602381,917292464.8310488,1590127771.759112,11307.932515290655,10893.972292888055
378,44,1997,147324.0,1685500977.491953,88148773.7150867,652361589.6350327,944990614.1418337,1672208563.871872,11440.776638510719,11350.550920908148
379,44,1998,149127.0,1755723497.1985068,92201986.47564028,685847756.9244925,977673753.798374,1709889033.2549455,11773.344177771341,11465.992296867405
380,44,1999,153710.0,1899970420.9865422,108949654.02971631,795400721.7869827,995620045.1698432,1802744490.3822098,12360.746997505315,11728.21866099935
381,44,2000,155351.0,1981650376.3550138,110465218.58062333,826576916.141599,1044608241.6327915,1878340268.1910572,12755.955071773044,12090.944172815476
382,44,2001,156275.0,2095327048.0374625,116225499.05167547,873577221.6843939,1105524327.3013933,1978896308.1819468,13407.947835786033,12662.910306715385
383,44,2002,156624.0,2115822753.2522583,124962129.57146165,875971732.6546211,1114888891.0261755,2072281309.7961545,13508.93064442396,13230.930826668675
384,44,2003,157286.0,2188336050.588901,138046937.86409962,903162634.448471,1147126478.2763305,2084726448.6659112,13913.101296929803,13254.367513102954
385,44,2004,157654.0,2276897002.3934526,164545853.3817171,918724934.2032118,1193626214.8085237,2162860059.805435,14442.36747810682,13719.030660848663
386,44,2005,154559.0,2286502749.656496,175336016.08491567,899871810.4736502,1211294923.0979302,2259763431.6449747,14793.721165745741,14620.717212488273
387,44,2006,151737.0,2343345837.685502,174746991.11859778,937640174.8832208,1230958671.6836836,2314504651.0334415,15443.470199657975,15253.396673411506
388,44,2007,149630.0,2388433925.2319727,187857800.02805337,936403754.5662185,1264172370.6377008,2364525036.6744375,15962.266425395796,15802.479694409127
389,44,2008,145745.0,2382857118.629602,181125545.65282178,924396082.4053752,1277335490.5714052,2379268128.04465,16349.494793163416,16324.869656212219
390,44,2009,143568.0,2404020632.2238894,227350789.6811894,852245675.6216098,1324424166.9210904,2434400815.024525,16744.822190348055,16956.430506968998
391,44,2010,144971.0,2397133606.333517,269883647.66091657,810040929.2646824,1317208986.6743784,2430597172.8165913,16535.262958340063,16766.09234134131
392,44,2011,143642.0,2379271763.223075,253246218.08679754,859813034.1704053,1266212490.2529757,2425300997.3586006,16563.900274453677,16884.344393412794
393,44,2012,142708.0,2298280926.9551563,215254586.35815334,823715850.8824383,1259310465.363005,2362433082.050003,16104.779878879646,16554.31427845673
394,44,2013,142327.0,2386258996.0,203827996.0,911299996.0,1271130996.0,2363521996.0,16766.03171569695,16606.279876622146
395,45,1990,592043.0,4668575841.654442,360562115.3007207,2287852809.315007,2020160917.0387142,4777628105.536067,7885.535073726812,8069.731599792696
396,45,1992,625839.0,4719395619.200617,414894932.8631666,2241547975.875994,2062952710.4614558,4851660676.5084915,7540.91007303894,7752.250461394211
397,45,1995,638880.0,5182694047.883626,441596739.0900141,2370958361.2654486,2370138947.528163,5024524265.232964,8112.155722332246,7864.582183247188
398,45,1996,635678.0,5338494128.084157,426527562.3127192,2777420243.834343,2134546321.9370952,5188950087.238338,8398.110565544439,8162.859320659734
399,45,1997,641925.0,5622383286.691413,440090785.6920361,2942257395.919427,2240035105.07995,5691203709.648531,8758.629569951961,8865.839014913785
400,45,1998,648084.0,5872404927.176523,469335935.96186274,3064818211.0168185,2338250780.197842,6061094805.508408,9061.17868544282,9352.329027577302
401,45,1999,652731.0,6104995765.531041,478850399.71984583,3187068270.7989388,2439077095.012256,6447748602.461352,9353.004170984741,9878.109975566278
402,45,2000,666780.0,6345331573.136858,495929374.6104337,3274513487.025746,2574888711.500678,6711912947.696478,9516.379575177507,10066.158174655026
403,45,2001,676681.0,7153977394.707738,566998770.9478539,3846982316.982775,2739996306.7771087,7226237945.413687,10572.156444037497,10678.943173243651
404,45,2002,674347.0,7287563250.840861,640050153.0669446,3700759787.3731756,2946753310.400741,7637834866.374797,10806.844622784502,11326.268028737128
405,45,2003,691736.0,7230532399.952434,677952284.3306907,3497618387.875424,3054961727.746319,7629485783.5990925,10452.733990933584,11029.476250475747
406,45,2004,696376.0,7352539951.729462,760550507.4119827,3380737409.1568866,3211252035.1605926,7570516494.765286,10558.290279575202,10871.305867469997
407,45,2005,701152.0,7560049513.477702,762609739.4410068,3378493029.155109,3418946744.8815866,7839753086.253465,10782.32610543463,11181.246129588826
408,45,2006,699003.0,7803475445.126285,767441581.4993178,3493476846.8810706,3542557016.7458963,8260245051.984207,11163.722394791273,11817.181116510526
409,45,2007,701558.0,8011131514.704538,764812537.6460595,3505903692.6396704,3740415284.418809,8679913012.745823,11419.05803184418,12372.338442075812
410,45,2008,710663.0,8378261021.79685,750871579.5199002,4237598113.779836,3389791328.497114,8836969075.320381,11789.3586999701,12434.823644006205
411,45,2009,716714.0,8348968951.29589,800191733.1276189,3985377664.7443094,3563399553.423962,9172073410.039215,11648.954745262252,12797.396744083713
412,45,2010,723117.0,8344908374.896006,1142080543.3194892,3653578737.901831,3549249074.444592,8865443483.476925,11540.191110008485,12260.040191942555
413,45,2011,725812.0,8137687921.950637,1089165897.807072,3530222170.2066464,3518299827.010153,8334220168.624738,11211.839873067182,11482.61556522176
414,45,2012,727178.0,8135352854.781218,865492971.9482313,3700061210.838852,3569798629.378905,8193382621.873624,11187.567355972289,11267.368679846782
415,45,2013,735970.0,8432412984.0,824895984.0,3904010984.0,3703505984.0,8401101984.0,11457.549878391783,11415.006024702094
416,46,1990,127329.0,894150470.683717,98299301.2979144,232753232.8847503,563097936.5010524,908235764.0697749,7022.3630962602165,7132.984348182856
417,46,1992,128071.0,916881890.9846773,101716937.57869104,245437539.78501004,569727413.6209762,984721959.9180423,7159.168671945072,7688.875388792485
418,46,1995,135494.0,1047018132.8721423,100534116.02865578,274755846.8910641,671728169.9524225,1060902303.696817,7727.413264588412,7829.884007386429
419,46,1996,136394.0,1055588918.8609076,100242093.88215919,310968373.1139093,644378451.8648391,1024532925.1567316,7739.262129279203,7511.5688751464995
420,46,1997,135601.0,1084788084.8665767,102415006.47907798,385107012.09116393,597266066.2963347,1031946423.1232479,7999.853134317421,7610.168237131347
421,46,1998,133698.0,1133429757.6734316,110054447.30075146,402803650.2019323,620571660.1707478,1116534801.5515563,8477.537118531553,8351.17056015465
422,46,1999,131728.0,1154962270.6163387,118516872.44234326,413614025.31642395,622831372.8575715,1172061872.9451196,8767.781114237965,8897.591043249116
423,46,2000,130279.0,1174473022.2052848,143345717.47967482,409102129.99661255,622025174.7289973,1215663947.1375341,9015.060157088132,9331.23486622966
424,46,2001,127986.0,1166533471.8891191,137677109.99152863,416555946.08669055,612300415.8109,1259026029.5274851,9114.539651908171,9837.216801271117
425,46,2002,127129.0,1205579941.575168,164646749.15450543,448217846.5184155,592715345.9022468,1281496429.7521427,9483.122981972389,10080.28404024371
426,46,2003,127632.0,1223020571.8369193,188051611.11211774,416094803.7870894,618874156.9377122,1258535578.3261607,9582.397610606426,9860.658599145674
427,46,2004,125156.0,1242138350.6022234,192545103.56701666,423301499.93823344,626291747.0969733,1248256942.8042,9924.720753317648,9973.608479051743
428,46,2005,124856.0,1256690688.9012158,210825017.25197348,417880573.1854063,627985098.463836,1263608127.5677402,10065.120530060356,10120.523864033288
429,46,2006,121712.0,1255469866.8947127,205061553.56124175,411064912.0396014,639343401.2938695,1216043486.3275595,10315.086983162815,9991.15523800085
430,46,2007,121152.0,1276979580.255527,195603470.97333753,417557278.56978923,663818830.7124003,1240415159.7096426,10540.309530635293,10238.503365273727
431,46,2008,121596.0,1288570967.8804626,195760663.72700423,427087715.6113684,665722588.5420899,1261236427.8902164,10597.149313139103,10372.35129354762
432,46,2009,126616.0,1342235523.6470475,216706107.00213325,438350703.9384037,687178712.7065105,1360110946.095545,10600.836573948376,10742.014801411711
433,46,2010,123681.0,1381086002.5717647,267676449.65977693,425840757.9035497,687568730.9081287,1369216761.9617672,11166.517109109442,11070.550545045455
434,46,2011,125707.0,1343915858.712741,271747985.9137989,388002224.1726615,684165574.0598532,1398759465.9324706,10690.85936911024,11127.140620112408
435,46,2012,127837.0,1317747094.2585802,215729429.59920174,400840855.6478013,701176760.3084575,1315969430.3904536,10308.025800500483,10294.120093481963
436,46,2013,130397.0,1316612976.0,194730976.0,408008976.0,713872976.0,1332591976.0,10096.95756804221,10219.498730799021
437,49,1990,435762.0,2348892052.235474,160360173.72600293,1331247434.578098,857284443.9313731,2273985035.649595,5390.309508941748,5218.410590298362
438,49,1992,456552.0,2582971360.3426766,174899607.01686656,1448561953.5277345,959509799.7980756,2569993390.1294684,5657.562249957676,5629.136199445997
439,49,1995,472589.0,2986935821.9430156,205033827.64409927,1614347489.1693094,1167554505.129607,3126814027.417149,6320.3667921661645,6616.349571016568
440,49,1996,474907.0,3023505205.137605,200063869.9155244,1779162382.5045161,1044278952.7175647,3194295347.8456063,6366.520613799345,6726.149220469706
441,49,1997,479812.0,3174387724.698889,203245198.49444503,1985090414.2404735,986052111.9639704,3162050263.3838644,6615.898986892551,6590.185871516061
442,49,1998,480811.0,3281054213.4604564,238631608.71887934,1992407226.9464746,1050015377.7951022,3324986530.0010214,6823.9998948868815,6915.3711749544445
443,49,1999,478814.0,3392229934.4639544,243759187.5606583,2071843311.0986037,1076627435.8046923,3424383116.5315914,7084.650687874528,7151.802404548722
444,49,2000,477835.0,3445171460.9247975,256365076.43970194,2039674547.4424124,1149131837.0426831,3352877435.9756103,7209.9604694607915,7016.810061999666
445,49,2001,477380.0,3609998917.794616,300834339.5213668,2091486676.8425267,1217677901.430723,3516774860.8810244,7562.107582627292,7366.824879301656
446,49,2002,481182.0,3716154705.230484,310895231.0354413,2179675334.6536946,1225584139.541348,3792477856.5022,7722.971152766487,7881.587126081608
447,49,2003,484589.0,3652493955.485843,335768457.6783691,2042246473.8867493,1274479023.9207246,3757347120.8380513,7537.302653353343,7753.678108331083
448,49,2004,490516.0,3719497256.2693014,372827122.62198883,2056887917.541692,1289782216.1056206,3801332964.468807,7582.8255475240385,7749.661508429505
449,49,2005,494205.0,3841056033.3752923,399407826.98954546,2094502374.5146143,1347145831.8711326,3841745510.7936835,7772.191769357438,7773.586893685178
450,49,2006,507918.0,3983760841.722127,405635955.5971228,2172405356.2564583,1405719529.8685458,3974816583.981645,7843.314947928853,7825.705298850691
451,49,2007,522921.0,4239744781.884555,396522400.2063413,2337448894.505827,1505773487.1723864,4250906008.338058,8107.811279112054,8129.155280315876
452,49,2008,575999.0,4701452154.406783,423484659.0398005,2697849740.903302,1580117754.4636807,4911292870.736134,8162.257494208816,8526.564925869896
453,49,2009,559536.0,4985239451.976814,623140136.6586337,2736235065.2470975,1625864250.071083,5060908671.315048,8909.59554340885,9044.831201772626
454,49,2010,573027.0,4765275732.464631,633815290.5301249,2510508891.774991,1620951507.425976,4922535158.008434,8315.970682820585,8590.407010504627
455,49,2011,585536.0,4480482216.553823,538066144.0193979,2290711696.948523,1651704342.4452686,4693480180.260678,7651.932958099628,8015.69874484349
456,49,2012,598792.0,4491084083.064562,455790146.3621894,2363445684.845533,1671848195.0365334,4760889219.579141,7500.240622895032,7950.823022984843
457,49,2013,613249.0,4543210986.0,432583986.0,2438725986.0,1671900986.0,4969501986.0,7408.427875137179,8103.563130147787
458,51,1990,987414.0,9261247998.494802,478201059.3022514,3815443884.849161,4967603054.3433895,9493097276.474903,9379.295815630325,9614.100343396896
459,51,1992,1019774.0,9349207217.071503,521262157.58106655,2871156345.0617647,5956788714.428672,9537104716.988358,9167.9207521191,9352.174812250909
460,51,1995,1060809.0,9714360823.980091,562717096.5109919,3016235978.0788574,6135407749.390243,10076034148.545332,9157.502268532877,9498.443309347236
461,51,1996,1079854.0,9913142995.810755,537243442.306875,2938948541.648072,6436951011.855807,10253058347.274467,9180.077117657345,9494.856107653875
462,51,1997,1096279.0,10659894568.918077,517774269.0245042,3388683085.580417,6753437214.313155,10792325264.718098,9723.705889575625,9844.506065260848
463,51,1998,1110815.0,11038091353.121002,574096954.2763661,3443604213.393997,7020390185.45064,11166658510.75865,9936.930409763105,10052.671696689951
464,51,1999,1122858.0,11651177030.42173,585079948.5291909,3954667978.870878,7111429103.021661,11657517882.38531,10376.358391196152,10382.005456064177
465,51,2000,1132673.0,12055631877.472902,665419857.435637,5089318160.450543,6300893859.586722,12384707432.181574,10643.523662586556,10934.05372263802
466,51,2001,1143807.0,12490563259.163218,699560648.5975151,5231824906.202937,6559177704.362764,12975843299.028145,10920.1668281128,11344.434243738799
467,51,2002,1162045.0,12839961126.79407,808802386.3307852,5183461201.433866,6847697539.029418,13221986136.458187,11049.452582984368,11378.204920169346
468,51,2003,1175458.0,13302034557.642126,884824506.1200452,5176516396.013589,7240693655.508492,13609141537.628536,11316.469459259391,11577.735263725745
469,51,2004,1191035.0,13753169530.759726,943939306.0994439,5231184198.471278,7578046026.189005,14065059865.73502,11547.242130382168,11809.107092348268
470,51,2005,1203693.0,14532295670.426708,986298639.8762532,5811427422.361851,7734569608.188604,14773851340.364834,12073.091453075416,12273.770255675521
471,51,2006,1213612.0,15200436687.125374,1001874736.9972302,5923680209.701954,8274881740.426189,15578881636.955889,12524.955823710852,12836.789383226178
472,51,2007,1220436.0,15927707195.193213,1000110606.0224851,6512074537.672986,8415522051.497742,16516966920.944778,13050.833632565094,13533.660856402776
473,51,2008,1230853.0,15979090635.34639,971231489.8398763,6446318318.106694,8561540827.399819,16485667405.321194,12982.127545162899,13393.693158582864
474,51,2009,1235060.0,16560968645.379349,993026300.3953474,6860151054.476228,8707791290.507774,16842029313.603245,13409.03975950913,13636.6081919933
475,51,2010,1245286.0,15957980176.466612,1636738210.6635654,5864868329.090983,8456373324.757224,15939429546.947979,12814.710979218116,12799.81429723612
476,51,2011,1251286.0,15177731980.48204,1478176700.2247868,5541918563.713804,8157636335.426156,15198931629.998392,12129.706542294922,12146.64883168068
477,51,2012,1257731.0,15159331830.633116,1385553852.311247,5646014487.049682,8127763121.940196,15351085144.627352,12052.920561418234,12205.380279747698
478,51,2013,1265263.0,15434012818.0,1108878818.0,5880171818.0,8444961818.0,15738156818.0,12198.264564758472,12438.644628033855
479,55,1990,750699.0,7622516826.350533,285184400.302953,3286844219.452771,4050488206.594808,7738816776.006123,10153.892340805745,10308.814552844911
480,55,1992,814331.0,8301896476.410499,372358336.3641762,3661522534.098467,4268015605.947855,8602401982.679058,10194.744491380652,10563.765818419117
481,55,1995,865374.0,9182853301.063654,379619402.6659739,4007274088.130263,4795959810.267417,9259457784.201025,10611.427314737504,10699.949136675039
482,55,1996,869930.0,9420203728.166508,401685737.7935395,4262401718.4013395,4756116271.971629,9685219330.108385,10828.691651243787,11133.331796935829
483,55,1997,879021.0,9759584983.067698,418807540.1697643,5141074263.285225,4199703179.6127086,10145263805.50566,11102.789333892702,11541.54884298061
484,55,1998,881552.0,10123332803.882723,455267762.38177997,5396499365.661263,4271565675.8396797,10764225000.434536,11483.534498115509,12210.538913682385
485,55,1999,878983.0,10368727833.438389,452990520.2186201,5454904602.979137,4460832710.240631,11012686522.267244,11796.27800928845,12528.89591979281
486,55,2000,877165.0,10615879991.243227,480002523.6111112,5598280685.704608,4537596781.927507,11068813767.581303,12102.489259424654,12618.850236365224
487,55,2001,875569.0,11002379293.917076,524106074.23757535,5731457330.228728,4746815889.450772,11279676723.305723,12565.97628960947,12882.681688485687
488,55,2002,875216.0,11168615955.67292,583012416.2659254,5845038596.414176,4740564942.992819,11477993323.182764,12760.982381118398,13114.469254655725
489,55,2003,875390.0,11310471524.822195,671187400.5843713,5904469554.518685,4734814569.719138,11559667959.372591,12920.494322327413,13205.163366468194
490,55,2004,874233.0,11326472469.857935,679235268.0512661,5836188523.39407,4811048678.4126,11255872475.21618,12955.896734460877,12875.14023746093
491,55,2005,869295.0,11432571005.922762,674056027.2754425,5690323934.563685,5068191044.083634,11252918002.334112,13151.543498953475,12944.878323623296
492,55,2006,869588.0,11389127837.0551,671177563.0813111,5854851026.299035,4863099247.674754,11301245304.605015,13097.153867182045,12996.091602695777
493,55,2007,870579.0,11470112890.01205,645011928.1952678,5814742815.612176,5010358146.204606,11222883971.654776,13175.269435642314,12891.287260150746
494,55,2008,867923.0,11490130094.746536,681035037.9717683,5649711724.105231,5159383332.669538,11410722190.305885,13238.651464181197,13147.159587089967
495,55,2009,867029.0,11934771962.134346,1366575068.913909,5195914694.18251,5372282199.037928,11814674793.003847,13765.135839901948,13626.620093449985
496,55,2010,872402.0,12061242344.436897,1191562727.9592903,5290325602.107156,5579353896.853218,11876527688.070744,13825.326334003013,13613.595209628982
497,55,2011,872244.0,12080074949.826015,1038657453.2102642,5413267787.420996,5628149589.059957,11848520302.189802,13849.42166392204,13583.951626138789
498,55,2012,871067.0,11303148818.636427,920601532.0104389,4856468049.89691,5526079125.117762,10881471120.602905,12976.21057695496,12492.11727754915
499,55,2013,872402.0,11097455947.0,827431947.0,4839616947.0,5430406947.0,10845058947.0,12720.576003952307,12431.26327885539
